{
  "feature_columns": [
    "ax",
    "ay",
    "az",
    "gx",
    "gy",
    "gz",
    "acc_mag",
    "gyro_mag"
  ],
  "mean": [
    1017.05584717,
    -1560.79174805,
    671.21392822,
    -85.63536835,
    34.59500122,
    22.24856758,
    2788.81298828,
    2361.11816406
  ],
  "std": [
    1203.42260742,
    1732.4263916,
    668.38208008,
    1111.40319824,
    1055.36376953,
    2471.55102539,
    1045.54064941,
    1737.7097168
  ],
  "fs_target": 25.0,
  "window_size": 64,
  "stride": 5,
  "gaussian_sigma": 2,
  "lowpass_cutoff": 7.0
}